agent_id,company
100,LuxuryPods
101,smartflat.com
102,ApartaMinutes
103,HouseMouse
104,LuxuryPods
105,Ramax
106,LuxuryPods
107,LuxuryPods
108,smartflat.com
109,Ramax
110,smartflat.com
111,Ramax
112,HouseMouse
113,smartflat.com
114,ApartaMinutes
115,HouseMouse
116,smartflat.com
117,LuxuryPods
118,ShoeboxApartments
119,ApartaMinutes
120,ApartaMinutes
121,HouseMouse
122,LuxuryPods
123,Ramax
124,HouseMouse
125,ApartaMinutes
126,smartflat.com
127,Ramax
128,LuxuryPods
129,Ramax
130,ShoeboxApartments
131,smartflat.com
132,smartflat.com
133,ShoeboxApartments
134,LuxuryPods
135,ApartaMinutes
136,LuxuryPods
137,ShoeboxApartments
138,Ramax
139,smartflat.com
140,LuxuryPods
141,ApartaMinutes
142,LuxuryPods
143,ApartaMinutes
144,smartflat.com
145,smartflat.com
146,LuxuryPods
147,HouseMouse
148,HouseMouse
149,LuxuryPods
150,smartflat.com
151,ShoeboxApartments
152,Ramax
153,Ramax
154,ShoeboxApartments
155,ApartaMinutes
156,smartflat.com
157,Ramax
158,Ramax
159,ApartaMinutes
160,LuxuryPods
161,LuxuryPods
162,ShoeboxApartments
163,HouseMouse
164,Ramax
165,Ramax
166,LuxuryPods
167,ApartaMinutes
168,ApartaMinutes
169,Ramax
170,Ramax
171,Ramax
172,HouseMouse
173,ApartaMinutes
174,ShoeboxApartments
175,Ramax
176,HouseMouse
177,ApartaMinutes
178,ShoeboxApartments
179,LuxuryPods
180,Ramax
181,HouseMouse
182,HouseMouse
183,Ramax
184,LuxuryPods
185,ApartaMinutes
186,smartflat.com
187,smartflat.com
188,HouseMouse
189,Ramax
190,LuxuryPods
191,ShoeboxApartments
192,ApartaMinutes
193,ShoeboxApartments
194,Ramax
195,HouseMouse
196,LuxuryPods
197,smartflat.com
198,Ramax
199,Ramax
